T [sec],t [sec],a_x [m/s2],a_y [m/s2],a_z [m/s2]
0.0010151863098144531,0.0010211467742919922,0.0,0.0,10.8265416
0.0009677410125732422,0.001992940902709961,1.0198916,0.8629851999999999,7.5315072
0.0009355545043945312,0.0029296875,-1.8828768,0.0,10.3558224
0.000990152359008789,0.003921985626220703,1.4121576,0.0,13.1801376
0.0010902881622314453,0.0050165653228759766,1.6475172,0.0,8.7083052
0.0012116432189941406,0.006232023239135742,-2.2751428,2.7458620000000002,7.5315072
0.0009684562683105469,0.0072023868560791016,0.0784532,1.2552512,10.277369199999999
0.000926971435546875,0.008130073547363281,0.0,-1.0198916,9.9635564
0.0009260177612304688,0.009057283401489258,-0.0784532,0.3138128,9.9635564
0.000926971435546875,0.009985685348510742,0.8629851999999999,0.9414384,10.1204628
0.0009257793426513672,0.010912656784057617,-0.9414384,-1.1767979999999998,9.571290399999999
0.0009515285491943359,0.01186513900756836,1.0983448,0.6276256,9.7281968
0.0009260177612304688,0.012792348861694336,1.569064,-0.8629851999999999,9.9635564
0.0009253025054931641,0.013718366622924805,-1.0198916,2.4320492,6.5900688
0.0009233951568603516,0.014642477035522461,-1.8828768,0.5491724,12.4740588
0.000946044921875,0.015589475631713867,-0.0784532,-0.2353596,11.2972608
0.0009284019470214844,0.01651930809020996,-1.7259703999999998,1.2552512,10.4342756
0.0009565353393554688,0.017477750778198242,1.569064,-1.96133,10.0420096
0.0010454654693603516,0.018526315689086914,-2.5105024,0.0,10.198916
0.0009665489196777344,0.019495487213134766,0.0,0.0,11.2972608
0.0009503364562988281,0.0204470157623291,-1.3337044,0.2353596,8.1591328
0.0009684562683105469,0.021416902542114258,-0.7060788,1.8828768,10.0420096
0.0009589195251464844,0.022377729415893555,0.0,0.0,12.2386992
0.0023860931396484375,0.02476668357849121,-0.784532,0.5491724,9.414383999999998
0.0011572837829589844,0.02592778205871582,-1.0983448,0.4707192,10.0420096
0.0010478496551513672,0.026978492736816406,1.8828768,-2.1182364,12.552512
0.0010700225830078125,0.028051376342773438,-1.8828768,0.0,8.7083052
0.0009551048278808594,0.02900838851928711,-1.3337044,1.569064,9.9635564
0.0009367465972900391,0.02994680404663086,0.0,-2.2751428,10.3558224
0.0009639263153076172,0.030912399291992188,1.2552512,0.2353596,10.983448000000001
0.0009584426879882812,0.03187203407287598,0.0,1.2552512,11.061901200000001
0.0009276866912841797,0.032801151275634766,-0.6276256,1.569064,8.316039199999999
0.0009360313415527344,0.03373861312866211,-0.784532,1.569064,10.0420096
0.0009281635284423828,0.0346682071685791,0.6276256,-2.3535959999999996,12.8663248
0.0009267330169677734,0.03559589385986328,0.0784532,1.8828768,7.217694399999999
0.0009260177612304688,0.036522865295410156,-1.8044235999999998,0.0,10.5127288
0.0009627342224121094,0.037487030029296875,0.0,-1.7259703999999998,11.2188076
0.0009694099426269531,0.03845834732055664,0.0,0.0,8.629852
0.0009300708770751953,0.039389848709106445,0.1569064,-0.0784532,12.552512
0.0009264945983886719,0.04031729698181152,-0.6276256,0.0,10.0420096
0.0009512901306152344,0.04127025604248047,-0.6276256,1.0983448,11.6110736
0.0010726451873779297,0.04234576225280762,1.0983448,-0.4707192,10.8265416
0.0010476112365722656,0.0433964729309082,-2.9027684,0.7060788,8.316039199999999
0.0009717941284179688,0.044370174407958984,-0.7060788,2.0397832,9.492837199999999
0.0009331703186035156,0.04530453681945801,-2.9027684,2.4320492,7.6884136
0.0009260177612304688,0.04623150825500488,-1.6475172,1.3337044,9.414383999999998
0.0009377002716064453,0.04717087745666504,-1.0983448,0.0,13.1801376
0.0009481906890869141,0.04812002182006836,-0.0784532,-0.6276256,11.1403544
0.0009381771087646484,0.049059391021728516,0.2353596,1.4121576,10.277369199999999
0.0010366439819335938,0.05009818077087402,-0.9414384,-3.2165812,13.807763199999998
0.0009784698486328125,0.051079511642456055,1.4121576,0.0,8.1591328
0.0009381771087646484,0.05201888084411621,0.8629851999999999,-0.0784532,10.0420096
0.0009729862213134766,0.0529937744140625,-1.96133,-0.7060788,8.7867584
0.000986337661743164,0.05398225784301758,0.0,0.2353596,10.0420096
0.0009415149688720703,0.05492544174194336,0.9414384,0.0,10.591182
0.0009441375732421875,0.05587053298950195,0.0,2.5105024,8.7867584
0.0009272098541259766,0.056798696517944336,-1.8828768,0.3138128,9.571290399999999
0.0009639263153076172,0.057764291763305664,0.7060788,-0.0784532,8.0806796
0.0009591579437255859,0.05872511863708496,1.1767979999999998,-0.9414384,6.8254284
0.0009305477142333984,0.05965709686279297,-0.0784532,-0.9414384,13.1016844
0.0009262561798095703,0.06058454513549805,0.0,-2.4320492,9.9635564
0.0009243488311767578,0.06150984764099121,3.0596748,1.4121576,10.7480884
0.0009243488311767578,0.062435150146484375,0.0,0.1569064,10.0420096
0.0009264945983886719,0.06336259841918945,0.0,0.0,6.903881599999999
0.0009312629699707031,0.06429553031921387,-2.2751428,-2.5105024,11.2188076
0.0009641647338867188,0.0652618408203125,0.3138128,0.0,9.3359308
0.0009586811065673828,0.0662221908569336,0.4707192,1.569064,7.6884136
0.0009436607360839844,0.06718707084655762,0.3138128,-1.2552512,13.1016844
0.0009264945983886719,0.0681147575378418,1.2552512,0.0,9.3359308
0.0009236335754394531,0.06903934478759766,1.0198916,1.8828768,8.4729456
0.0009241104125976562,0.06996440887451172,-2.0397832,0.9414384,8.0022264
0.00092315673828125,0.07088851928710938,-4.4718324,1.1767979999999998,10.0420096
0.000926971435546875,0.07181644439697266,-0.4707192,0.0,8.7867584
0.0009241104125976562,0.07274150848388672,-0.2353596,3.0596748,10.0420096
0.0009229183197021484,0.07366561889648438,2.5105024,1.569064,9.3359308
0.0009238719940185547,0.07459020614624023,-3.2165812,-0.1569064,8.7083052
0.0009298324584960938,0.07552218437194824,-3.8442068,1.4121576,6.8254284
0.0009260177612304688,0.07645010948181152,0.5491724,2.1966896,10.4342756
0.0009241104125976562,0.07737517356872559,0.392266,0.6276256,10.0420096
0.0009243488311767578,0.07830071449279785,-7.5315072,0.784532,10.0420096
0.0009264945983886719,0.07922816276550293,0.6276256,-2.3535959999999996,8.0806796
0.0009255409240722656,0.0801546573638916,0.0,0.9414384,10.0420096
0.0009229183197021484,0.08107852935791016,2.5105024,-2.5105024,12.709418399999999
0.0009250640869140625,0.08200454711914062,-3.4519407999999996,0.0,11.2972608
0.0009241104125976562,0.08292961120605469,0.0,-1.7259703999999998,8.5513988
0.0009303092956542969,0.08386111259460449,1.2552512,-1.96133,11.2972608
0.0009243488311767578,0.08478641510009766,6.276256,0.0,14.278482399999998
0.0009241104125976562,0.08571147918701172,-4.158019599999999,-0.0784532,7.9237732
0.0009236335754394531,0.08663606643676758,-5.099458,-0.2353596,7.5315072
0.0009257793426513672,0.08756279945373535,0.0784532,4.2364728,7.5315072
0.0009241104125976562,0.08848834037780762,6.276256,-1.96133,10.6696352
0.0009226799011230469,0.08941197395324707,-3.6088471999999996,1.1767979999999998,10.0420096
0.0009381771087646484,0.09035181999206543,4.785645199999999,-0.9414384,13.493950400000001
0.0009264945983886719,0.09127998352050781,-6.276256,-4.9425516,14.121576
0.0009236335754394531,0.09220457077026367,6.8254284,1.569064,5.2563644
0.0009233951568603516,0.09312891960144043,0.0,3.6088471999999996,8.237585999999999
0.00092315673828125,0.09405326843261719,2.4320492,1.569064,6.8254284
0.00092315673828125,0.09497714042663574,-4.4718324,3.138128,5.6486304
0.0009293556213378906,0.09590768814086914,-3.7657536,-0.1569064,8.1591328
0.0009233951568603516,0.096832275390625,-4.3933792,1.2552512,10.9049948
0.0009226799011230469,0.09775590896606445,-0.7060788,0.9414384,4.3933792
0.0009226799011230469,0.09867978096008301,0.5491724,3.2950344,10.0420096
0.0009257793426513672,0.09960651397705078,2.4320492,1.0983448,4.4718324
0.0009238719940185547,0.10053133964538574,-3.6088471999999996,-0.0784532,12.552512
0.0009241104125976562,0.1014564037322998,0.0,-4.4718324,12.4740588
0.0009226799011230469,0.10238003730773926,-1.3337044,0.9414384,10.0420096
0.0009250640869140625,0.10330629348754883,0.0,0.0,9.7281968
0.0009238719940185547,0.10423111915588379,5.6486304,0.0,13.807763199999998
0.0009255409240722656,0.10515809059143066,-2.9027684,0.0,3.92266
0.0009241104125976562,0.10608363151550293,-5.0210048,-1.1767979999999998,12.8663248
0.0009229183197021484,0.10700750350952148,10.0420096,0.0,10.983448000000001
0.0009248256683349609,0.10793328285217285,3.138128,-0.5491724,9.3359308
0.0009233951568603516,0.10885763168334961,-3.8442068,-0.4707192,7.6884136
0.0009229183197021484,0.10978126525878906,1.2552512,3.6873004,10.198916
0.0009226799011230469,0.11070489883422852,2.8243152,0.6276256,10.0420096
0.0009295940399169922,0.11163568496704102,2.5105024,0.2353596,15.0630144
0.0009241104125976562,0.11256098747253418,4.9425516,2.5105024,8.316039199999999
0.0009229183197021484,0.11349153518676758,-0.2353596,3.7657536,5.0210048
0.0009255409240722656,0.11441802978515625,10.983448000000001,0.784532,12.552512
0.0009272098541259766,0.11534643173217773,-1.2552512,1.2552512,9.3359308
0.0009253025054931641,0.1162724494934082,-10.8265416,-1.0983448,6.276256
0.0009233951568603516,0.11719679832458496,4.3933792,1.2552512,10.8265416
0.0009236335754394531,0.11812162399291992,0.784532,3.7657536,1.1767979999999998
0.0009233951568603516,0.11904597282409668,7.453054,-0.1569064,14.121576
0.0009264945983886719,0.11997342109680176,-6.040896399999999,4.3933792,4.3933792
0.0009233951568603516,0.12089776992797852,-3.530394,-4.6287388,13.964669599999999
0.0009229183197021484,0.12182188034057617,7.6884136,1.4906107999999998,17.5735168
0.0009219646453857422,0.12274503707885742,3.4519407999999996,-0.0784532,8.7867584
0.0009284019470214844,0.12367510795593262,-5.6486304,0.0,14.9845612
0.0009248256683349609,0.12460160255432129,-2.5105024,0.0,8.7867584
0.0009236335754394531,0.12552642822265625,-1.569064,-4.158019599999999,14.7492016
0.00092315673828125,0.1264505386352539,-0.1569064,-5.0210048,16.9458912
0.0009250640869140625,0.12737703323364258,-8.9436648,1.7259703999999998,4.314926
0.0009236335754394531,0.12830162048339844,2.4320492,-2.8243152,9.3359308
0.0009224414825439453,0.1292252540588379,0.0,4.9425516,7.5315072
0.00092315673828125,0.13014912605285645,-1.0198916,0.392266,6.4331624
0.0009224414825439453,0.1310725212097168,-4.785645199999999,0.1569064,12.552512
0.0009257793426513672,0.13199949264526367,-2.5889556,-0.0784532,7.5315072
0.0009233951568603516,0.13292384147644043,-2.5105024,-0.784532,11.454167199999999
0.0009226799011230469,0.13384795188903809,2.5105024,-3.6873004,14.121576
0.0009224414825439453,0.13477182388305664,-2.4320492,4.3933792,8.0806796
0.0009253025054931641,0.1356978416442871,6.1978028,-2.1966896,11.846433199999998
0.00092315673828125,0.13662195205688477,-1.96133,3.530394,8.237585999999999
0.0009281635284423828,0.13755106925964355,0.9414384,1.2552512,7.7668668
0.0009241104125976562,0.13847613334655762,-5.962443199999999,0.0,11.061901200000001
0.0009255409240722656,0.1394026279449463,-0.0784532,-0.3138128,8.1591328
0.0009241104125976562,0.14032769203186035,-2.1966896,0.9414384,12.944778
0.0009226799011230469,0.1412515640258789,3.2950344,-0.3138128,5.0210048
0.0009322166442871094,0.14218521118164062,-3.138128,0.0,12.552512
0.0009250640869140625,0.1431117057800293,6.276256,0.0,10.6696352
0.0009255409240722656,0.14403820037841797,-3.7657536,-2.5105024,13.493950400000001
0.0009229183197021484,0.14496207237243652,4.9425516,0.3138128,11.454167199999999
0.00092315673828125,0.14588618278503418,-6.982334799999999,1.2552512,9.3359308
0.0009226799011230469,0.14680981636047363,-2.5889556,-3.7657536,6.1978028
0.0009250640869140625,0.1477358341217041,-3.8442068,4.6287388,7.5315072
0.0009236335754394531,0.14866042137145996,-1.2552512,-1.6475172,9.1005712
0.0009229183197021484,0.14958477020263672,-5.0210048,-1.0983448,13.807763199999998
0.0009229183197021484,0.15050864219665527,-3.7657536,-3.8442068,7.5315072
0.0009248256683349609,0.15143442153930664,0.1569064,2.7458620000000002,13.1801376
0.0009238719940185547,0.1523594856262207,5.0210048,-2.5105024,9.2574776
0.0009229183197021484,0.15328359603881836,1.1767979999999998,2.0397832,13.2585908
0.0009233951568603516,0.15420770645141602,3.6873004,-0.7060788,9.022118
0.00092315673828125,0.15513205528259277,-1.96133,3.6088471999999996,6.354709199999999
0.0009255409240722656,0.15605854988098145,3.4519407999999996,-0.0784532,8.5513988
0.00092315673828125,0.1569831371307373,-5.962443199999999,0.5491724,10.8265416
0.0009226799011230469,0.15790700912475586,-1.0198916,-2.5105024,10.0420096
0.0009233951568603516,0.15883111953735352,0.0,-2.1966896,12.552512
0.0009253025054931641,0.15975713729858398,3.2950344,1.2552512,7.453054
0.0009241104125976562,0.16068220138549805,1.8044235999999998,0.0,10.591182
0.0009257793426513672,0.16161394119262695,-6.276256,-3.138128,9.2574776
0.0009219646453857422,0.1625373363494873,3.6088471999999996,2.5105024,10.591182
0.0009253025054931641,0.16346335411071777,6.903881599999999,0.784532,11.2188076
0.0009326934814453125,0.164398193359375,0.5491724,3.6873004,7.84532
0.0009255409240722656,0.16532540321350098,0.0,-2.5105024,10.0420096
0.0009236335754394531,0.16624975204467773,-7.060788,-3.7657536,6.1978028
0.0009293556213378906,0.16717982292175293,6.1978028,0.0,14.670748399999999
0.0009233951568603516,0.1681041717529297,0.3138128,-1.96133,12.8663248
0.00092315673828125,0.16902804374694824,-15.0630144,-5.3348176,3.7657536
0.0009224414825439453,0.1699521541595459,5.1779112,2.9812215999999996,17.495063599999998
0.0009224414825439453,0.17087578773498535,2.5105024,1.8828768,5.0210048
0.0009255409240722656,0.17180252075195312,-2.8243152,-2.9812215999999996,15.0630144
0.0009241104125976562,0.1727275848388672,-4.3933792,1.2552512,8.316039199999999
0.0009229183197021484,0.17365145683288574,0.0,-0.1569064,6.354709199999999
0.0009226799011230469,0.1745753288269043,2.9812215999999996,2.9812215999999996,10.0420096
0.0009250640869140625,0.17550110816955566,2.8243152,1.2552512,6.276256
0.0009229183197021484,0.17642498016357422,-1.96133,-0.0784532,9.7281968
0.0009233951568603516,0.17734932899475098,-8.7867584,-0.784532,10.0420096
0.0009226799011230469,0.17827272415161133,-2.9812215999999996,2.1966896,12.552512
0.0009248256683349609,0.1791987419128418,10.0420096,0.0,13.493950400000001
0.0009241104125976562,0.18012356758117676,-10.8265416,2.5105024,2.9027684
0.0009226799011230469,0.18104767799377441,3.6873004,-1.8828768,12.3956056
0.0009229183197021484,0.18197154998779297,3.92266,1.2552512,8.0022264
0.00092315673828125,0.18289542198181152,2.7458620000000002,2.1966896,8.7083052
0.0009238719940185547,0.18382024765014648,0.0,1.0198916,11.6110736
0.0009291172027587891,0.18475055694580078,0.5491724,1.569064,6.4331624
0.0009226799011230469,0.18567395210266113,4.314926,1.2552512,14.356935599999998
0.0009229183197021484,0.1865978240966797,-1.569064,-3.6088471999999996,7.9237732
0.0009248256683349609,0.18752384185791016,0.9414384,5.0210048,10.198916
0.0009233951568603516,0.18844819068908691,4.0795664,0.784532,8.394492399999999
0.0009229183197021484,0.18937253952026367,-0.7060788,3.2950344,4.6287388
0.0009253025054931641,0.19029903411865234,7.217694399999999,2.7458620000000002,13.807763199999998
0.0009257793426513672,0.19122624397277832,-2.8243152,-1.2552512,10.591182
0.0009233951568603516,0.19215083122253418,-5.099458,-2.5105024,10.0420096
0.00092315673828125,0.19307470321655273,-3.7657536,3.7657536,5.2563644
0.0009222030639648438,0.19399762153625488,9.9635564,0.6276256,9.022118
0.00092315673828125,0.19492173194885254,2.5105024,2.5105024,10.277369199999999
0.0009374618530273438,0.1958601474761963,0.784532,-0.7060788,7.84532
0.0009236335754394531,0.19678497314453125,3.4519407999999996,3.6873004,15.0630144
0.0009229183197021484,0.1977088451385498,1.8828768,-1.2552512,10.591182
0.0009224414825439453,0.19863247871398926,-0.0784532,1.2552512,14.356935599999998
0.0009245872497558594,0.19955801963806152,-0.9414384,0.0,8.629852
0.0009241104125976562,0.20048308372497559,-4.6287388,-2.5105024,8.7867584
0.00092315673828125,0.20140719413757324,3.0596748,2.4320492,11.6110736
0.0009226799011230469,0.2023308277130127,-6.903881599999999,1.1767979999999998,8.7083052
0.0009248256683349609,0.20325708389282227,-5.3348176,-0.6276256,8.9436648
0.0009238719940185547,0.20418214797973633,1.2552512,1.8828768,10.7480884
0.0009233951568603516,0.20510625839233398,5.962443199999999,0.0,10.9049948
0.00092315673828125,0.20603036880493164,0.6276256,0.1569064,11.454167199999999
0.0009229183197021484,0.2069540023803711,-5.0210048,-0.2353596,11.846433199999998
0.0009255409240722656,0.2078862190246582,-0.0784532,1.7259703999999998,9.649743599999999
0.0009241104125976562,0.20881128311157227,-0.4707192,-2.5105024,9.9635564
0.0009236335754394531,0.20973587036132812,-3.2165812,2.9812215999999996,5.0210048
0.0009226799011230469,0.21065998077392578,-1.3337044,1.8828768,7.5315072
0.0009248256683349609,0.21158599853515625,-4.707191999999999,1.8828768,5.0210048
0.0009236335754394531,0.2125108242034912,-3.7657536,0.2353596,9.649743599999999
0.0009233951568603516,0.21343517303466797,0.2353596,-0.6276256,11.924886399999998
0.0009229183197021484,0.21435904502868652,0.0,0.5491724,8.1591328
0.0009241104125976562,0.2152845859527588,3.138128,-2.5105024,14.356935599999998
0.0009236335754394531,0.21620893478393555,2.4320492,0.0,6.1978028
0.0009224414825439453,0.2171323299407959,2.5889556,2.5105024,7.453054
0.0009229183197021484,0.21805620193481445,-0.0784532,-1.2552512,11.846433199999998
0.0009229183197021484,0.218980073928833,0.784532,-0.392266,8.7867584
0.0009331703186035156,0.21991562843322754,0.0,2.5105024,8.237585999999999
0.0009253025054931641,0.22084259986877441,2.9812215999999996,0.0,12.160245999999999
0.0009233951568603516,0.22176718711853027,0.5491724,1.4121576,10.6696352
0.00092315673828125,0.22269129753112793,0.0,-0.6276256,11.454167199999999
0.0009250640869140625,0.2236170768737793,-3.7657536,-2.5105024,10.277369199999999
0.0009238719940185547,0.22454166412353516,6.1978028,4.3933792,8.7867584
0.0009233951568603516,0.22546625137329102,2.5105024,1.569064,7.7668668
0.0009222030639648438,0.22638988494873047,-1.3337044,1.7259703999999998,9.3359308
0.0009250640869140625,0.22731566429138184,-0.3138128,-0.0784532,8.4729456
0.0009236335754394531,0.2282407283782959,-0.0784532,0.0,14.906108
0.0009260177612304688,0.22916746139526367,-0.392266,0.3138128,10.0420096
0.00092315673828125,0.23009181022644043,-1.8828768,1.2552512,6.1978028
0.0009224414825439453,0.23101496696472168,-0.7060788,2.5105024,9.571290399999999
0.0009305477142333984,0.23194670677185059,4.2364728,0.0,10.0420096
0.0009253025054931641,0.23287272453308105,0.784532,1.2552512,6.8254284
0.0009238719940185547,0.23379731178283691,-3.6088471999999996,0.0,10.6696352
0.0009238719940185547,0.23472237586975098,-2.5105024,-1.0983448,8.7867584
0.0009248256683349609,0.23564839363098145,2.6674088,1.1767979999999998,12.552512
0.0009236335754394531,0.2365729808807373,1.8828768,0.0,10.0420096
0.0009229183197021484,0.23749685287475586,-1.7259703999999998,0.5491724,12.003339599999999
0.0009229183197021484,0.23842096328735352,2.7458620000000002,-0.784532,13.0232312
0.0009243488311767578,0.23934626579284668,-1.7259703999999998,2.3535959999999996,8.7867584
0.0009241104125976562,0.24027109146118164,0.9414384,-0.9414384,10.3558224
0.0009229183197021484,0.2411949634552002,-2.1182364,1.8044235999999998,8.1591328
0.0009233951568603516,0.24211955070495605,-2.9027684,0.2353596,7.5315072
0.0009238719940185547,0.24304437637329102,0.7060788,-1.4121576,12.081792799999999
0.0009257793426513672,0.2439711093902588,0.0,-1.0198916,9.9635564
0.0009236335754394531,0.24489569664001465,-2.5889556,1.8828768,11.846433199999998
0.0009229183197021484,0.2458200454711914,1.0983448,-0.7060788,8.394492399999999
0.0009219646453857422,0.24674296379089355,0.3138128,3.7657536,9.492837199999999
0.0009245872497558594,0.24766898155212402,0.2353596,0.6276256,7.7668668
0.0009243488311767578,0.2485945224761963,-4.6287388,-0.8629851999999999,10.3558224
0.0009229183197021484,0.24951839447021484,-0.9414384,0.0,10.5127288
0.00092315673828125,0.2504425048828125,-1.1767979999999998,-3.8442068,11.2972608
0.0009250640869140625,0.25136852264404297,0.0,0.0,13.807763199999998
0.0009238719940185547,0.25229334831237793,2.3535959999999996,-0.3138128,9.022118
0.000926971435546875,0.2532217502593994,-3.8442068,3.6088471999999996,9.3359308
0.0009238719940185547,0.2541468143463135,0.6276256,-1.6475172,11.924886399999998
0.0009281635284423828,0.25507593154907227,1.8828768,-2.4320492,10.3558224
0.0009262561798095703,0.25600361824035645,-3.8442068,2.1182364,10.591182
0.0009229183197021484,0.256927490234375,1.8044235999999998,-1.4906107999999998,13.1801376
0.0009226799011230469,0.25785136222839355,-1.569064,1.2552512,8.7867584
0.0009229183197021484,0.2587752342224121,2.5105024,0.0,10.198916
0.0009238719940185547,0.2597005367279053,1.7259703999999998,0.6276256,9.9635564
0.0009236335754394531,0.26062512397766113,-0.7060788,2.5105024,7.5315072
0.0009226799011230469,0.2615487575531006,-0.8629851999999999,0.0,8.316039199999999
0.0009222030639648438,0.26247191429138184,1.4906107999999998,3.0596748,9.022118
0.0009248256683349609,0.2633979320526123,1.569064,1.569064,9.649743599999999
0.0009241104125976562,0.26432299613952637,-3.7657536,2.5105024,10.3558224
0.0009233951568603516,0.2652475833892822,0.6276256,0.0,11.924886399999998
0.0009229183197021484,0.2661714553833008,1.2552512,-1.2552512,11.76798
0.0009229183197021484,0.26709532737731934,-0.1569064,-1.1767979999999998,11.454167199999999
0.0009255409240722656,0.268021821975708,0.0,-1.4121576,11.2188076
0.0009229183197021484,0.26894569396972656,-0.0784532,-0.0784532,8.7083052
0.0009229183197021484,0.2698695659637451,0.0,1.8044235999999998,9.2574776
0.0009224414825439453,0.27079296112060547,3.138128,1.2552512,8.1591328
0.0009248256683349609,0.27171874046325684,-5.1779112,2.8243152,6.982334799999999
0.0009238719940185547,0.2726435661315918,0.6276256,-2.2751428,10.3558224
0.0009229183197021484,0.27356743812561035,-1.0983448,0.784532,10.7480884
0.0009224414825439453,0.274491548538208,-1.2552512,-0.392266,10.983448000000001
0.0009248256683349609,0.2754173278808594,-2.5105024,-3.2165812,13.337044
0.0009233951568603516,0.27634215354919434,0.3138128,0.8629851999999999,9.2574776
0.00092315673828125,0.277266263961792,-1.2552512,0.0,9.3359308
0.0009224414825439453,0.27818965911865234,2.1182364,1.2552512,8.0806796
0.0009243488311767578,0.27911972999572754,-3.138128,0.0,11.924886399999998
0.0009260177612304688,0.2800467014312744,1.569064,-2.5105024,9.7281968
0.00092315673828125,0.28097105026245117,-0.1569064,0.3138128,9.022118
0.0009226799011230469,0.2818949222564697,-0.0784532,-2.1966896,7.453054
0.00092315673828125,0.2828190326690674,-3.530394,2.4320492,10.0420096
0.0009248256683349609,0.28374505043029785,0.0,-1.7259703999999998,11.2972608
0.0009236335754394531,0.2846698760986328,-0.9414384,0.2353596,11.6110736
0.0009233951568603516,0.28559422492980957,1.2552512,-2.2751428,11.924886399999998
0.0009224414825439453,0.2865176200866699,-0.9414384,-0.392266,10.6696352
0.0009248256683349609,0.2874436378479004,0.0,0.0,8.7867584
0.00092315673828125,0.28836798667907715,1.8044235999999998,0.1569064,10.0420096
0.00092315673828125,0.2892920970916748,0.5491724,1.8044235999999998,7.5315072
0.0009310245513916016,0.2902257442474365,0.0784532,1.7259703999999998,10.0420096
0.0009386539459228516,0.2911667823791504,-0.3138128,-1.8828768,9.3359308
0.0009400844573974609,0.29210805892944336,-1.3337044,0.784532,7.7668668
0.0009262561798095703,0.29303574562072754,6.4331624,-1.2552512,10.5127288
0.0009241104125976562,0.2939608097076416,1.2552512,1.2552512,7.7668668
0.0009233951568603516,0.29488515853881836,-1.96133,0.7060788,7.5315072
0.0009267330169677734,0.29581284523010254,-0.6276256,0.0784532,12.081792799999999
0.0009243488311767578,0.2967381477355957,1.1767979999999998,0.0,8.0806796
0.0009238719940185547,0.29766297340393066,2.7458620000000002,2.5105024,9.9635564
0.0009233951568603516,0.2985877990722656,-3.8442068,1.569064,6.1978028
0.0009253025054931641,0.2995140552520752,-1.3337044,0.2353596,10.0420096
0.0009245872497558594,0.30044007301330566,3.2165812,-2.7458620000000002,14.121576
0.0009229183197021484,0.3013639450073242,0.6276256,1.0198916,9.414383999999998
0.0009298324584960938,0.3022949695587158,-2.5105024,-1.2552512,7.84532
0.0009262561798095703,0.3032228946685791,0.6276256,1.2552512,11.6895268
0.0009238719940185547,0.30414795875549316,0.0,0.6276256,6.040896399999999
0.00092315673828125,0.3050720691680908,-2.9027684,1.8044235999999998,8.1591328
0.0009233951568603516,0.3059966564178467,-5.0210048,1.6475172,10.0420096
0.00092315673828125,0.30692076683044434,-1.8044235999999998,-1.3337044,8.1591328
0.0009329319000244141,0.30785465240478516,-1.0198916,-0.3138128,12.4740588
0.0009229183197021484,0.3087787628173828,-2.1966896,-3.4519407999999996,10.0420096
0.0009224414825439453,0.30970239639282227,-2.5105024,0.0,11.924886399999998
0.0009224414825439453,0.3106257915496826,1.2552512,-1.8044235999999998,11.2972608
0.0009253025054931641,0.3115520477294922,0.0,-2.4320492,10.198916
0.0009233951568603516,0.31247639656066895,-1.1767979999999998,2.7458620000000002,9.414383999999998
0.0009233951568603516,0.3134012222290039,0.0,0.6276256,10.277369199999999
0.0009229183197021484,0.31432533264160156,-2.8243152,0.6276256,7.84532
0.0009250640869140625,0.31525135040283203,0.8629851999999999,0.6276256,10.0420096
0.0009238719940185547,0.3161764144897461,-1.8828768,-1.6475172,10.6696352
0.0009229183197021484,0.31710028648376465,-0.3138128,-1.6475172,11.924886399999998
0.0009226799011230469,0.3180239200592041,0.3138128,-1.0198916,9.9635564
0.0009243488311767578,0.31894922256469727,1.7259703999999998,-0.3138128,13.337044
0.0009248256683349609,0.31987500190734863,1.0198916,-0.1569064,8.4729456
0.00092315673828125,0.3207995891571045,1.8828768,2.8243152,10.0420096
0.0009229183197021484,0.32172346115112305,0.0,1.1767979999999998,7.84532
0.0009224414825439453,0.3226468563079834,0.5491724,1.1767979999999998,9.1005712
0.0009245872497558594,0.32357263565063477,-1.8044235999999998,1.8828768,7.7668668
0.0009236335754394531,0.3244972229003906,-1.7259703999999998,-1.0198916,13.1801376
0.0009226799011230469,0.3254208564758301,-0.0784532,-2.9027684,10.6696352
0.0009233951568603516,0.3263509273529053,1.8044235999999998,-0.0784532,12.552512
0.0009255409240722656,0.32727766036987305,1.8828768,-0.8629851999999999,11.6110736
0.00092315673828125,0.3282017707824707,0.6276256,0.6276256,10.4342756
0.00092315673828125,0.32912611961364746,-2.1966896,-3.138128,12.2386992
0.0009224414825439453,0.3300495147705078,-0.0784532,-1.2552512,10.6696352
0.0009262561798095703,0.3309769630432129,4.5502856,0.0,11.2188076
0.000926971435546875,0.3319103717803955,0.9414384,0.6276256,9.1790244
0.0009233951568603516,0.33283495903015137,-3.138128,0.6276256,8.7867584
0.0009226799011230469,0.3337588310241699,-1.8828768,-2.8243152,8.7867584
0.0009229183197021484,0.3346827030181885,0.0,1.6475172,11.924886399999998
0.0009248256683349609,0.33560895919799805,-2.2751428,-0.784532,10.0420096
0.0009236335754394531,0.3365333080291748,-2.5105024,-1.6475172,9.9635564
0.0009233951568603516,0.33745765686035156,-0.8629851999999999,0.784532,12.552512
0.00092315673828125,0.3383817672729492,1.8828768,0.6276256,9.1005712
0.0009250640869140625,0.3393080234527588,-2.5105024,1.569064,8.316039199999999
0.0009236335754394531,0.34023284912109375,-1.8044235999999998,1.0198916,10.0420096
0.0009229183197021484,0.3411567211151123,-3.6873004,0.0784532,8.7867584
0.0009226799011230469,0.34208035469055176,0.5491724,0.0,10.9049948
0.0009229183197021484,0.3430044651031494,-1.1767979999999998,0.2353596,10.6696352
0.0009255409240722656,0.3439309597015381,-1.8828768,-0.8629851999999999,13.807763199999998
0.00092315673828125,0.34485507011413574,-0.7060788,-0.0784532,7.217694399999999
0.0009229183197021484,0.3457791805267334,0.6276256,2.5105024,10.591182
0.00092315673828125,0.34670329093933105,1.8044235999999998,-0.6276256,8.7083052
0.0009250640869140625,0.3476295471191406,0.4707192,3.7657536,6.7469752000000005
0.0009241104125976562,0.3485546112060547,-1.96133,0.0,9.571290399999999
0.0009279251098632812,0.3494837284088135,0.0,-1.3337044,10.6696352
0.0009241104125976562,0.35040903091430664,1.1767979999999998,-0.6276256,6.1978028
0.0009255409240722656,0.3513355255126953,0.0,0.5491724,12.552512
0.0009241104125976562,0.3522605895996094,-0.0784532,-2.3535959999999996,9.7281968
0.0009229183197021484,0.35318470001220703,0.9414384,0.6276256,12.709418399999999
0.0009226799011230469,0.3541085720062256,2.5105024,-1.8828768,11.6110736
0.0009222030639648438,0.35503220558166504,1.2552512,-0.0784532,10.0420096
0.0009248256683349609,0.3559579849243164,0.1569064,0.0,9.7281968
0.0009226799011230469,0.35688161849975586,-3.2165812,0.6276256,8.4729456
0.0009224414825439453,0.3578050136566162,2.7458620000000002,2.4320492,6.903881599999999
0.0009224414825439453,0.35872888565063477,-1.6475172,-0.4707192,9.1790244
0.0009243488311767578,0.35965442657470703,-2.3535959999999996,3.7657536,8.394492399999999
0.0009238719940185547,0.360579252243042,-1.3337044,-1.3337044,9.414383999999998
0.0009233951568603516,0.36150383949279785,-1.0198916,0.6276256,11.2972608
0.0009229183197021484,0.3624277114868164,0.0,0.392266,10.6696352
0.0009253025054931641,0.363353967666626,-0.9414384,0.0,9.649743599999999
0.0009233951568603516,0.36427831649780273,-2.5889556,-0.6276256,7.9237732
0.0009224414825439453,0.3652017116546631,0.8629851999999999,1.8828768,9.022118
0.0009224414825439453,0.36612534523010254,2.1182364,1.2552512,7.453054
0.00092315673828125,0.3670494556427002,-2.9812215999999996,-0.0784532,9.1005712
0.0009255409240722656,0.36797595024108887,-0.9414384,1.2552512,10.0420096
0.00092315673828125,0.3689002990722656,1.0198916,0.1569064,10.0420096
0.0009224414825439453,0.3698239326477051,-3.6088471999999996,-2.1182364,8.7867584
0.0009226799011230469,0.37074804306030273,-3.138128,0.0,12.8663248
0.0009245872497558594,0.371673583984375,2.5105024,-1.96133,10.983448000000001
0.00092315673828125,0.37259769439697266,1.2552512,0.3138128,8.7867584
0.0009238719940185547,0.37352800369262695,-2.5889556,-0.7060788,12.8663248
0.0009226799011230469,0.3744521141052246,-0.3138128,-1.6475172,12.552512
0.0009286403656005859,0.3753829002380371,1.7259703999999998,-0.1569064,10.3558224
0.0009250640869140625,0.3763101100921631,2.0397832,-1.7259703999999998,12.787871599999999
0.0009229183197021484,0.37723398208618164,2.8243152,0.6276256,8.1591328
0.0009226799011230469,0.3781580924987793,-1.569064,0.0,12.4740588
0.0009224414825439453,0.37908148765563965,4.707191999999999,-1.2552512,10.198916
0.0009253025054931641,0.3800077438354492,0.9414384,1.2552512,7.609960399999999
0.0009224414825439453,0.3809316158294678,-0.0784532,-1.2552512,8.0806796
0.00092315673828125,0.38185572624206543,-1.1767979999999998,2.4320492,9.414383999999998
0.00092315673828125,0.3827798366546631,-2.5105024,-0.7060788,10.6696352
0.0009245872497558594,0.38370561599731445,-2.0397832,-3.138128,11.6110736
0.0009233951568603516,0.3846299648284912,2.5105024,0.392266,10.983448000000001
0.0009226799011230469,0.38555407524108887,0.6276256,-1.96133,10.0420096
0.0009222030639648438,0.3864772319793701,0.0,0.1569064,10.0420096
0.0009233951568603516,0.387401819229126,-0.0784532,-0.9414384,9.9635564
0.0009226799011230469,0.38832569122314453,2.4320492,2.1966896,8.0806796
0.0009224414825439453,0.3892490863800049,-0.7060788,1.8828768,8.7083052
0.0009229183197021484,0.39017295837402344,0.0784532,0.6276256,9.9635564
0.0009226799011230469,0.3910965919494629,-0.0784532,2.5105024,8.7867584
0.0009272098541259766,0.3920252323150635,2.3535959999999996,0.0,9.022118
0.0009236335754394531,0.39294981956481934,0.0,0.0,10.0420096
0.0009226799011230469,0.3938736915588379,-0.6276256,0.0,9.9635564
0.0009303092956542969,0.3948049545288086,-0.0784532,-2.1966896,9.8851032
0.0009319782257080078,0.3957381248474121,2.0397832,2.5105024,10.9049948
0.000934600830078125,0.39667391777038574,-1.2552512,-2.3535959999999996,12.552512
0.0009243488311767578,0.397599458694458,-0.9414384,0.0,9.7281968
0.00092315673828125,0.39852404594421387,0.784532,0.8629851999999999,10.6696352
0.0009245872497558594,0.39944958686828613,2.5105024,0.0,9.022118
0.0009245872497558594,0.4003751277923584,-2.3535959999999996,0.0,10.0420096
0.0009229183197021484,0.40129899978637695,0.3138128,0.0,11.2972608
0.00092315673828125,0.4022231101989746,0.0,0.0,11.6110736
0.00092315673828125,0.40314722061157227,-0.6276256,-1.4906107999999998,11.924886399999998
0.0009329319000244141,0.4040811061859131,-0.6276256,0.0,10.5127288
0.0009226799011230469,0.40500473976135254,-1.2552512,0.0,10.983448000000001
0.00092315673828125,0.4059293270111084,1.8828768,-2.4320492,14.121576
0.00092315673828125,0.40685343742370605,-1.4121576,1.569064,9.1005712
0.0009253025054931641,0.4077796936035156,2.1966896,1.2552512,8.7083052
0.0009245872497558594,0.4087052345275879,-1.3337044,-0.6276256,7.5315072
0.0009229183197021484,0.40962910652160645,-2.9027684,1.8044235999999998,10.0420096
0.0009233951568603516,0.4105536937713623,-2.5105024,-0.7060788,8.9436648
0.0009250640869140625,0.4114799499511719,-2.1966896,0.2353596,8.7867584
0.00092315673828125,0.41240406036376953,-0.392266,-1.569064,11.846433199999998
0.0009226799011230469,0.413327693939209,-0.0784532,1.8828768,7.139241199999999
0.0009229183197021484,0.41425180435180664,0.8629851999999999,1.2552512,9.7281968
0.0009267330169677734,0.4151794910430908,1.4906107999999998,1.2552512,8.0806796
0.0009236335754394531,0.4161043167114258,-3.530394,1.1767979999999998,9.571290399999999
0.00092315673828125,0.41702866554260254,-0.0784532,-1.8828768,12.552512
0.0009226799011230469,0.417952299118042,0.0,0.0,9.414383999999998
0.00092315673828125,0.41887640953063965,1.0983448,-1.8828768,11.2188076
0.0009253025054931641,0.4198026657104492,-0.0784532,-1.8828768,9.492837199999999
0.0009243488311767578,0.4207336902618408,-0.1569064,0.784532,11.532620399999999
0.0009236335754394531,0.4216585159301758,2.5105024,-1.2552512,10.7480884
0.0009224414825439453,0.42258214950561523,1.2552512,1.0983448,8.7083052
0.0009248256683349609,0.4235081672668457,0.9414384,1.569064,10.9049948
0.0009238719940185547,0.42443275451660156,0.0,2.3535959999999996,9.3359308
0.0009229183197021484,0.4253568649291992,-0.6276256,-1.2552512,11.924886399999998
0.0009226799011230469,0.42628049850463867,2.5105024,0.0,10.6696352
0.0009326934814453125,0.4272193908691406,-1.2552512,0.0784532,11.2972608
0.0009253025054931641,0.4281461238861084,-1.3337044,0.2353596,7.7668668
0.0009238719940185547,0.42907118797302246,-2.2751428,0.0,10.591182
0.0009233951568603516,0.4299955368041992,-0.3138128,0.6276256,12.552512
0.0009226799011230469,0.43091917037963867,0.2353596,0.0,10.0420096
0.0009355545043945312,0.4318556785583496,-2.5105024,0.0,10.9049948
0.0009233951568603516,0.43278002738952637,1.8044235999999998,1.2552512,8.394492399999999
0.0009229183197021484,0.433704137802124,-0.7060788,-0.6276256,6.8254284
0.0009229183197021484,0.4346284866333008,0.0,3.4519407999999996,8.1591328
0.0009250640869140625,0.43555450439453125,0.0,-0.0784532,7.84532
0.0009233951568603516,0.4364790916442871,-2.5105024,0.2353596,10.0420096
0.0009233951568603516,0.43740344047546387,0.392266,-1.569064,11.846433199999998
0.0009233951568603516,0.4383280277252197,-0.0784532,0.6276256,9.649743599999999
0.0009255409240722656,0.4392545223236084,2.1966896,0.0,11.454167199999999
0.0009236335754394531,0.44017934799194336,-1.0198916,2.5105024,6.5116156
0.0009233951568603516,0.4411036968231201,-2.5889556,1.569064,9.2574776
0.00092315673828125,0.4420278072357178,-0.4707192,-1.8828768,10.0420096
0.0009233951568603516,0.44295215606689453,-1.8044235999999998,0.6276256,8.7867584
0.0009312629699707031,0.44388508796691895,0.0,-1.7259703999999998,12.081792799999999
0.0009238719940185547,0.4448103904724121,-1.2552512,0.0,9.8851032
0.0009233951568603516,0.44573473930358887,0.6276256,0.0,12.2386992
0.00092315673828125,0.4466590881347656,3.138128,-1.8828768,11.6110736
0.0009250640869140625,0.4475851058959961,-0.3138128,0.784532,8.8652116
0.0009236335754394531,0.44850969314575195,1.0983448,-0.0784532,10.0420096
0.0009229183197021484,0.4494335651397705,-1.8828768,2.9027684,9.2574776
0.0009229183197021484,0.45035743713378906,-0.4707192,-1.2552512,11.2972608
0.0009243488311767578,0.45128297805786133,0.0784532,1.1767979999999998,10.0420096
0.0009229183197021484,0.452207088470459,0.1569064,-1.0198916,12.552512
0.0009229183197021484,0.45313096046447754,0.0,-1.96133,10.3558224
0.0009224414825439453,0.454054594039917,0.0,-0.392266,11.2188076
0.0009224414825439453,0.45497822761535645,-0.3138128,-1.0198916,12.552512
0.0009248256683349609,0.4559042453765869,0.4707192,0.9414384,9.1005712
0.00092315673828125,0.45682835578918457,0.0,2.5105024,10.1204628
0.0009224414825439453,0.457751989364624,2.1182364,0.3138128,6.8254284
0.0009233951568603516,0.4586765766143799,-1.3337044,0.9414384,7.3746008
0.0009238719940185547,0.45960164070129395,0.5491724,0.6276256,9.1790244
0.0009243488311767578,0.460526704788208,-0.784532,-1.3337044,9.414383999999998
0.00092315673828125,0.46145081520080566,-1.2552512,-0.0784532,12.6309652
0.00092315673828125,0.4623749256134033,1.1767979999999998,-0.784532,12.552512
0.0009250640869140625,0.4633009433746338,0.6276256,0.9414384,9.9635564
0.0009233951568603516,0.46422529220581055,1.4906107999999998,-1.2552512,10.7480884
0.0009255409240722656,0.4651517868041992,-2.2751428,3.2950344,6.276256
0.0009233951568603516,0.466076135635376,-3.7657536,1.569064,8.8652116
0.00092315673828125,0.46700024604797363,-1.1767979999999998,-2.5889556,8.1591328
0.0009264945983886719,0.46793317794799805,-0.7060788,0.0,11.6110736
0.0009250640869140625,0.4688591957092285,0.0,0.0,8.7867584
0.0009233951568603516,0.4697835445404053,-2.5105024,-1.2552512,11.2188076
0.00092315673828125,0.47070765495300293,1.569064,0.6276256,11.2972608
0.0009250640869140625,0.4716339111328125,1.569064,-1.8828768,9.1005712
0.00092315673828125,0.47255802154541016,-1.6475172,2.5889556,8.0022264
0.0009229183197021484,0.4734823703765869,0.3138128,1.7259703999999998,11.375713999999999
0.0009226799011230469,0.47440600395202637,-1.2552512,1.2552512,10.0420096
0.0009243488311767578,0.47533130645751953,0.0,-1.8828768,10.0420096
0.0009241104125976562,0.4762566089630127,0.0,-1.8044235999999998,11.6110736
0.0009229183197021484,0.47718071937561035,2.5105024,0.0,12.2386992
0.0009229183197021484,0.4781045913696289,0.0,-0.6276256,9.2574776
0.0009229183197021484,0.47902846336364746,1.1767979999999998,1.2552512,11.76798
0.0009253025054931641,0.47995471954345703,1.2552512,0.5491724,8.7867584
0.00092315673828125,0.4808788299560547,-0.6276256,0.784532,8.7867584
0.0009224414825439453,0.48180246353149414,0.0,1.1767979999999998,10.0420096
0.0009229183197021484,0.4827263355255127,0.0,0.4707192,10.0420096
0.0009245872497558594,0.48365211486816406,-2.5889556,0.0784532,8.4729456
0.0009238719940185547,0.4845771789550781,0.5491724,-1.2552512,12.4740588
0.0009226799011230469,0.4855010509490967,-0.0784532,-1.2552512,11.532620399999999
0.0009324550628662109,0.486436128616333,0.9414384,1.1767979999999998,9.414383999999998
0.0009264945983886719,0.4873640537261963,0.0784532,-0.0784532,7.609960399999999
0.0009241104125976562,0.48828911781311035,-2.5105024,0.0,11.2972608
0.0009229183197021484,0.4892129898071289,1.2552512,-2.4320492,12.552512
0.0009226799011230469,0.49013662338256836,-1.2552512,-1.1767979999999998,9.7281968
0.0009272098541259766,0.49106478691101074,-1.3337044,0.1569064,11.6110736
0.0009262561798095703,0.4919919967651367,0.9414384,-1.7259703999999998,11.2972608
0.0009226799011230469,0.4929161071777344,-0.9414384,0.9414384,12.552512
0.0009224414825439453,0.49383974075317383,0.6276256,-2.1182364,10.6696352
0.0009236335754394531,0.4947643280029297,-0.6276256,-1.1767979999999998,11.924886399999998
0.0009245872497558594,0.49569010734558105,2.0397832,0.0,12.552512
0.0009233951568603516,0.4966144561767578,1.0983448,-0.9414384,7.7668668
0.0009224414825439453,0.49753808975219727,-0.8629851999999999,2.9812215999999996,8.0022264
0.0009229183197021484,0.4984619617462158,0.0,1.7259703999999998,9.8851032
0.0009248256683349609,0.4993877410888672,-0.9414384,1.569064,10.0420096
0.0009241104125976562,0.5003128051757812,0.0,-1.6475172,11.2972608
0.0009233951568603516,0.5012373924255371,0.0,-1.8044235999999998,11.6110736
0.0009236335754394531,0.502161979675293,1.2552512,-1.0198916,10.983448000000001
0.0009226799011230469,0.5030856132507324,-1.0198916,-0.784532,9.9635564
0.0009253025054931641,0.5040121078491211,1.1767979999999998,1.8828768,9.649743599999999
0.0009226799011230469,0.5049359798431396,1.4906107999999998,1.1767979999999998,10.0420096
0.0009229183197021484,0.5058598518371582,-1.2552512,1.8828768,10.0420096
0.0009224414825439453,0.5067832469940186,0.0,-0.0784532,10.0420096
0.0009250640869140625,0.5077095031738281,-0.7060788,1.8044235999999998,8.1591328
0.0009238719940185547,0.5086343288421631,-1.7259703999999998,-1.8828768,10.983448000000001
0.0009229183197021484,0.5095582008361816,0.6276256,-1.6475172,11.924886399999998
0.0009233951568603516,0.5104827880859375,1.2552512,-2.4320492,11.924886399999998
0.0009245872497558594,0.5114083290100098,1.0198916,1.2552512,10.0420096
0.0009238719940185547,0.5123333930969238,0.0,2.0397832,8.7867584
0.0009229183197021484,0.5132575035095215,-2.5889556,1.569064,7.5315072
0.0009224414825439453,0.5141808986663818,0.0,1.1767979999999998,10.0420096
0.0009226799011230469,0.5151097774505615,-0.3138128,0.8629851999999999,8.7867584
0.0009250640869140625,0.5160360336303711,0.0,0.0,9.1005712
0.0009229183197021484,0.5169603824615479,-1.4121576,-0.6276256,8.316039199999999
0.0009226799011230469,0.5178840160369873,-1.0198916,1.8044235999999998,8.1591328
0.00092315673828125,0.518808126449585,-1.3337044,0.0,8.7867584
0.0009245872497558594,0.5197341442108154,-3.2165812,2.3535959999999996,8.1591328
0.0009238719940185547,0.5206589698791504,-1.1767979999999998,-1.3337044,11.76798
0.0009226799011230469,0.5215826034545898,0.9414384,-0.9414384,11.2972608
0.0009222030639648438,0.5225057601928711,-2.5105024,0.2353596,10.0420096
0.0009248256683349609,0.5234317779541016,0.1569064,0.0,9.9635564
0.0009233951568603516,0.5243561267852783,-0.0784532,0.6276256,6.8254284
0.0009226799011230469,0.5252797603607178,0.0,0.6276256,9.022118
0.00092315673828125,0.5262038707733154,0.5491724,1.2552512,6.1978028
0.0009224414825439453,0.5271272659301758,0.5491724,1.0983448,10.0420096
0.0009255409240722656,0.5280537605285645,-0.6276256,1.2552512,7.84532
0.0009226799011230469,0.5289773941040039,-1.4906107999999998,0.784532,10.0420096
0.0009229183197021484,0.5299012660980225,0.0,0.0,10.0420096
0.0009224414825439453,0.5308248996734619,-2.1966896,0.0,11.2972608
0.0009248256683349609,0.5317509174346924,0.0,-0.7060788,12.552512
0.0009236335754394531,0.5326755046844482,1.569064,-1.569064,9.414383999999998
0.0009224414825439453,0.5335993766784668,-0.8629851999999999,0.6276256,10.3558224
0.0009229183197021484,0.5345232486724854,2.5105024,0.0,10.3558224
0.0009243488311767578,0.5354485511779785,0.0,0.3138128,8.394492399999999
0.0009233951568603516,0.5363731384277344,0.0,0.2353596,8.7867584
0.0009233951568603516,0.5372974872589111,-2.4320492,0.7060788,10.0420096
0.0009226799011230469,0.5382261276245117,-1.8044235999999998,0.784532,10.0420096
0.0009238719940185547,0.5391511917114258,2.6674088,0.0,9.649743599999999
0.0009341239929199219,0.5400865077972412,-0.7060788,0.6276256,7.5315072
0.0009229183197021484,0.5410103797912598,0.0,0.0784532,7.609960399999999
0.0009229183197021484,0.5419347286224365,-2.3535959999999996,-1.96133,10.6696352
0.0009229183197021484,0.5428586006164551,-0.6276256,-0.7060788,12.552512
0.0009250640869140625,0.5437848567962646,0.0,-2.8243152,11.2972608
0.0009236335754394531,0.5447094440460205,-0.3138128,0.0,11.061901200000001
0.0009236335754394531,0.5456340312957764,1.2552512,1.1767979999999998,11.2972608
0.0009222030639648438,0.5465571880340576,0.6276256,0.0,7.6884136
0.0009248256683349609,0.5474832057952881,-0.5491724,0.0,10.1204628
0.0009233951568603516,0.5484073162078857,0.0,0.2353596,7.5315072
0.0009226799011230469,0.5493311882019043,-3.7657536,0.0,10.6696352
0.0009229183197021484,0.5502550601959229,-1.2552512,-1.96133,10.6696352
0.0009233951568603516,0.5511796474456787,-1.96133,0.0784532,9.9635564
0.0009238719940185547,0.5521044731140137,0.8629851999999999,-0.6276256,12.552512
0.0009274482727050781,0.5530402660369873,-1.8828768,-1.4906107999999998,9.414383999999998
0.0009238719940185547,0.5539669990539551,0.0,1.8044235999999998,11.924886399999998
0.00092315673828125,0.5548911094665527,0.392266,-0.6276256,11.2972608
0.0009245872497558594,0.555816650390625,-1.3337044,1.0198916,7.5315072
0.0009241104125976562,0.5567421913146973,0.0,-1.96133,14.7492016
0.0009226799011230469,0.5576658248901367,2.5105024,-1.8828768,10.5127288
0.0009224414825439453,0.5585892200469971,-0.4707192,0.0,9.9635564
0.0009255409240722656,0.5595157146453857,2.1966896,-2.5105024,13.964669599999999
0.0009238719940185547,0.5604405403137207,0.5491724,1.8044235999999998,8.1591328
0.0009229183197021484,0.5613648891448975,-1.6475172,-0.392266,11.2972608
0.0009233951568603516,0.5623068809509277,-0.7060788,1.1767979999999998,7.5315072
0.0009245872497558594,0.5632326602935791,-0.392266,2.6674088,7.7668668
0.0009238719940185547,0.5641574859619141,0.0,-1.2552512,11.6110736
0.00092315673828125,0.5650815963745117,-1.7259703999999998,0.0784532,10.0420096
0.00092315673828125,0.5660057067871094,-0.3138128,-1.3337044,13.807763199999998
0.0009226799011230469,0.566929817199707,-0.0784532,-1.0983448,10.1204628
0.0009307861328125,0.5678615570068359,2.6674088,1.2552512,11.2188076
0.00092315673828125,0.5687856674194336,1.2552512,-2.4320492,11.6110736
0.0009226799011230469,0.569709300994873,-1.2552512,-1.1767979999999998,11.6110736
0.0009224414825439453,0.5706326961517334,0.1569064,-0.5491724,10.6696352
0.0009248256683349609,0.5715587139129639,0.0,0.0,8.7867584
0.0009241104125976562,0.5724837779998779,0.392266,-0.9414384,11.454167199999999
0.0009226799011230469,0.5734078884124756,0.2353596,1.8044235999999998,6.903881599999999
0.0009222030639648438,0.574331521987915,-2.5889556,2.0397832,7.84532
0.0009245872497558594,0.5752568244934082,-2.1966896,-0.0784532,8.237585999999999
0.00092315673828125,0.5761809349060059,-1.6475172,0.5491724,9.9635564
0.0009224414825439453,0.5771050453186035,0.1569064,0.0,11.2972608
0.0009224414825439453,0.578028678894043,-3.138128,-1.7259703999999998,7.84532
0.0009226799011230469,0.5789523124694824,0.0,0.6276256,12.3956056
0.0009248256683349609,0.5798780918121338,1.8828768,-2.4320492,12.552512
0.0009226799011230469,0.5808024406433105,0.1569064,2.5105024,8.7083052
0.0009236335754394531,0.5817267894744873,2.1966896,0.0,11.846433199999998
0.0009229183197021484,0.5826506614685059,1.0983448,1.0198916,8.7867584
0.0009248256683349609,0.5835766792297363,0.0,0.0,8.0022264
0.0009233951568603516,0.5845010280609131,1.1767979999999998,0.0,8.1591328
0.0009279251098632812,0.5854301452636719,-1.569064,0.5491724,9.1005712
0.0009241104125976562,0.5863552093505859,-1.1767979999999998,0.9414384,9.1790244
0.0009253025054931641,0.5872814655303955,0.0,1.569064,7.5315072
0.0009233951568603516,0.5882058143615723,-1.4906107999999998,1.0198916,10.0420096
0.00092315673828125,0.5891299247741699,0.0784532,-1.96133,12.552512
0.0009224414825439453,0.5900535583496094,-1.569064,0.8629851999999999,11.2972608
0.0009226799011230469,0.590977668762207,0.9414384,-0.1569064,11.6110736
0.0009250640869140625,0.5919036865234375,0.0,-2.5105024,11.1403544
0.0009226799011230469,0.5928277969360352,2.3535959999999996,0.6276256,10.277369199999999
0.0009219646453857422,0.5937504768371582,2.1966896,0.0,8.7083052
0.0009226799011230469,0.5946745872497559,-0.6276256,0.0,9.649743599999999
0.0009248256683349609,0.5956006050109863,0.7060788,1.8828768,10.8265416
0.0009243488311767578,0.5965256690979004,0.0,2.4320492,9.2574776
0.0009233951568603516,0.597449779510498,-0.4707192,-0.6276256,13.1801376
0.0009226799011230469,0.5983734130859375,0.0,-0.0784532,10.0420096
0.0009248256683349609,0.5992991924285889,-3.138128,0.784532,10.8265416
0.0009236335754394531,0.6002240180969238,0.0,-3.530394,11.454167199999999
0.0009222030639648438,0.601146936416626,0.0,0.0,9.9635564
0.0009226799011230469,0.6020705699920654,1.7259703999999998,-1.8044235999999998,13.807763199999998
0.0009226799011230469,0.602994441986084,-1.2552512,-0.0784532,8.7867584
0.0009255409240722656,0.6039211750030518,0.6276256,2.5105024,11.2188076
0.0009226799011230469,0.6048450469970703,1.1767979999999998,0.1569064,7.609960399999999
0.00092315673828125,0.6057693958282471,-1.96133,2.9812215999999996,5.88399
0.0009233951568603516,0.6066937446594238,-1.0198916,0.3138128,10.4342756
0.0009245872497558594,0.6076192855834961,-0.392266,-0.0784532,7.5315072
0.0009238719940185547,0.6085443496704102,-2.5105024,0.6276256,11.846433199999998
0.0009236335754394531,0.6094744205474854,1.0983448,-1.3337044,10.0420096
0.0009226799011230469,0.6103980541229248,-1.6475172,0.8629851999999999,10.0420096
0.0009250640869140625,0.6113243103027344,-1.3337044,0.0,10.0420096
0.0009241104125976562,0.6122493743896484,0.0,-1.8044235999999998,11.6110736
0.0009229183197021484,0.6131734848022461,0.0,1.1767979999999998,10.0420096
0.0009226799011230469,0.6140971183776855,0.6276256,-1.8828768,10.983448000000001
0.0009224414825439453,0.6150205135345459,0.2353596,1.8828768,9.3359308
0.0009255409240722656,0.6159470081329346,2.4320492,-0.0784532,8.7083052
0.0009226799011230469,0.616870641708374,-2.5889556,0.0784532,8.1591328
0.00092315673828125,0.6177947521209717,-0.9414384,2.3535959999999996,8.237585999999999
0.0009222030639648438,0.618718147277832,0.2353596,0.4707192,8.7867584
0.0009243488311767578,0.6196436882019043,-1.0983448,0.0,8.237585999999999
0.0009238719940185547,0.6205685138702393,-1.8044235999999998,0.2353596,10.0420096
0.0009233951568603516,0.621492862701416,0.0,0.0,9.9635564
0.0009229183197021484,0.6224169731140137,-0.0784532,-2.5105024,13.2585908
0.0009243488311767578,0.6233425140380859,2.0397832,-1.2552512,11.6110736
0.00092315673828125,0.6242668628692627,-0.0784532,0.1569064,9.022118
0.0009229183197021484,0.6251907348632812,0.9414384,-1.0198916,10.6696352
0.0009226799011230469,0.6261143684387207,0.0,1.2552512,7.060788
0.0009274482727050781,0.6270430088043213,1.3337044,-1.0983448,10.0420096
0.0009281635284423828,0.6279830932617188,-1.3337044,1.569064,7.9237732
0.0009238719940185547,0.6289081573486328,-1.6475172,2.2751428,10.6696352
0.0009229183197021484,0.6298320293426514,0.0,-1.2552512,10.0420096
0.0009229183197021484,0.6307559013366699,-2.9027684,2.4320492,8.1591328
0.0009243488311767578,0.6316812038421631,-2.5105024,0.6276256,10.6696352
0.0009226799011230469,0.6326107978820801,0.0,-1.3337044,8.7867584
0.0009241104125976562,0.6335361003875732,-0.7060788,0.0,11.2972608
0.0009243488311767578,0.6344614028930664,0.3138128,-1.96133,10.0420096
0.0009248256683349609,0.6353871822357178,-2.3535959999999996,0.0,11.6110736
0.0009233951568603516,0.6363115310668945,1.8828768,0.3138128,10.7480884
0.0009229183197021484,0.6372354030609131,0.0,0.0,8.4729456
0.0009224414825439453,0.6381597518920898,0.392266,3.0596748,9.414383999999998
0.0009226799011230469,0.6390833854675293,1.8828768,0.0,10.591182
0.0009250640869140625,0.6400094032287598,-1.1767979999999998,1.2552512,7.9237732
0.0009222030639648438,0.6409332752227783,0.0,0.0,10.0420096
0.0009233951568603516,0.6418576240539551,-2.5105024,-1.3337044,10.0420096
0.0009229183197021484,0.6427814960479736,0.0,0.4707192,10.3558224
0.0009245872497558594,0.643707275390625,0.0,-1.6475172,10.983448000000001
0.0009236335754394531,0.64463210105896,-0.7060788,-0.4707192,12.552512
0.0009229183197021484,0.6455559730529785,0.0,0.7060788,9.414383999999998
0.0009229183197021484,0.6464800834655762,0.0,0.6276256,7.84532
0.0009248256683349609,0.6474058628082275,0.0,1.2552512,9.649743599999999
0.0009229183197021484,0.6483297348022461,0.0,1.1767979999999998,8.1591328
0.0009233951568603516,0.6492540836334229,-2.7458620000000002,1.96133,7.5315072
0.0009226799011230469,0.6501781940460205,-1.6475172,-0.7060788,10.983448000000001
0.0009224414825439453,0.65110182762146,-0.4707192,1.4121576,10.0420096
0.0009253025054931641,0.6520280838012695,0.6276256,-0.9414384,12.552512
0.0009226799011230469,0.6529521942138672,-1.2552512,0.0,9.9635564
0.0009229183197021484,0.6538760662078857,0.9414384,0.0,11.6895268
0.0009233951568603516,0.6548006534576416,2.3535959999999996,-1.2552512,11.2972608
0.0009248256683349609,0.6557266712188721,0.3138128,0.784532,8.316039199999999
0.0009243488311767578,0.6566565036773682,0.392266,0.0,12.4740588
0.0009226799011230469,0.6575801372528076,-0.0784532,-2.3535959999999996,12.3956056
0.00092315673828125,0.6585040092468262,-0.0784532,1.7259703999999998,9.022118
0.0009241104125976562,0.6594293117523193,2.3535959999999996,1.2552512,9.3359308
0.0009236335754394531,0.6603541374206543,-0.8629851999999999,1.2552512,5.5701772
0.0009229183197021484,0.6612780094146729,-1.3337044,2.9812215999999996,8.7867584
0.0009229183197021484,0.6622018814086914,-1.2552512,1.0983448,8.1591328
0.0009226799011230469,0.66312575340271,-1.3337044,2.4320492,6.5900688
0.0009250640869140625,0.6640517711639404,0.2353596,-0.7060788,12.2386992
0.00092315673828125,0.6649761199951172,-0.0784532,0.6276256,11.532620399999999
0.00092315673828125,0.6658999919891357,2.1966896,0.0,10.983448000000001
0.0009226799011230469,0.6668243408203125,0.0,-2.5105024,11.846433199999998
0.0009250640869140625,0.667750358581543,2.8243152,0.3138128,11.061901200000001
0.0009233951568603516,0.6686749458312988,2.3535959999999996,0.0,8.394492399999999
0.0009229183197021484,0.6695992946624756,-2.5889556,-0.3138128,6.5116156
0.0009224414825439453,0.6705226898193359,-1.1767979999999998,1.1767979999999998,10.0420096
0.0009245872497558594,0.6714484691619873,-1.4906107999999998,0.392266,10.0420096
0.0009229183197021484,0.6723723411560059,0.0,0.0,11.924886399999998
0.0009226799011230469,0.6732962131500244,0.0,-1.96133,12.552512
0.0009222030639648438,0.6742193698883057,-2.1966896,0.7060788,8.7867584
0.0009229183197021484,0.6751432418823242,-1.2552512,-2.5889556,10.3558224
0.0009338855743408203,0.6760783195495605,0.2353596,0.2353596,10.0420096
0.0009229183197021484,0.6770021915435791,0.6276256,-1.2552512,10.983448000000001
0.0009222030639648438,0.6779258251190186,-2.0397832,-0.6276256,9.492837199999999
0.0009224414825439453,0.678849458694458,1.569064,1.2552512,10.0420096
0.0009291172027587891,0.6797797679901123,0.6276256,-1.7259703999999998,10.6696352
0.0009241104125976562,0.6807050704956055,-1.0983448,-0.2353596,9.9635564
0.00092315673828125,0.6816291809082031,-0.0784532,-1.1767979999999998,13.6508568
0.0009226799011230469,0.6825528144836426,1.3337044,1.1767979999999998,8.7867584
0.0009243488311767578,0.6834781169891357,0.0,0.6276256,11.2188076
0.0009236335754394531,0.6844027042388916,2.4320492,-0.9414384,9.022118
0.0009224414825439453,0.685326099395752,-0.0784532,2.5105024,6.1978028
0.0009224414825439453,0.6862497329711914,1.0983448,0.4707192,9.8851032
0.0009279251098632812,0.6871786117553711,0.2353596,1.8828768,8.394492399999999
0.0009229183197021484,0.6881024837493896,-0.784532,0.0,12.552512
0.00092315673828125,0.6890265941619873,1.8044235999999998,-0.6276256,12.2386992
0.0009229183197021484,0.6899504661560059,0.9414384,2.5105024,9.022118
0.0009224414825439453,0.6908738613128662,1.2552512,0.0,12.160245999999999
0.0009248256683349609,0.6917996406555176,1.2552512,-3.0596748,10.3558224
0.0009233951568603516,0.6927242279052734,0.0,2.3535959999999996,8.0806796
0.0009229183197021484,0.693648099899292,2.4320492,-0.0784532,9.3359308
0.0009229183197021484,0.6945719718933105,-0.0784532,1.4906107999999998,10.198916
0.0009241104125976562,0.6954972743988037,-0.784532,2.1966896,10.198916
0.0009236335754394531,0.6964221000671387,0.392266,-0.7060788,8.7867584
0.00092315673828125,0.6973464488983154,-2.5105024,0.0,12.552512
0.0009229183197021484,0.698270320892334,0.6276256,-1.8828768,12.2386992
0.0009245872497558594,0.6991958618164062,-1.0198916,-1.0198916,9.7281968
0.0009238719940185547,0.7001209259033203,-0.1569064,-2.5105024,12.4740588
0.0009226799011230469,0.7010445594787598,0.5491724,2.1966896,7.5315072
0.0009226799011230469,0.7019681930541992,0.7060788,1.8828768,9.649743599999999
0.0009224414825439453,0.7028918266296387,-1.6475172,0.0,6.354709199999999
0.0009253025054931641,0.7038223743438721,-1.2552512,0.0,11.2972608
0.0009238719940185547,0.704747200012207,0.9414384,0.2353596,10.6696352
0.0009219646453857422,0.7056703567504883,0.0,0.0,8.9436648
0.0009229183197021484,0.7065942287445068,-0.392266,0.3138128,10.277369199999999
0.0009243488311767578,0.7075197696685791,0.5491724,-0.0784532,7.609960399999999
0.0009431838989257812,0.7084653377532959,-3.3734876000000003,1.6475172,8.316039199999999
0.0009248256683349609,0.7093935012817383,2.5105024,-2.1966896,13.1801376
0.0009224414825439453,0.7103171348571777,0.6276256,0.0,9.8851032
0.0009245872497558594,0.7112424373626709,0.0,-0.0784532,11.2972608
0.0009229183197021484,0.7121667861938477,0.0,1.2552512,7.9237732
0.0009233951568603516,0.7130911350250244,-0.8629851999999999,2.1966896,8.7867584
0.0009229183197021484,0.714015007019043,0.0,-0.0784532,8.7867584
0.0009226799011230469,0.7149386405944824,-1.3337044,1.8828768,7.5315072
0.000926971435546875,0.7158665657043457,-1.8828768,2.8243152,8.237585999999999
0.0009233951568603516,0.7167911529541016,0.0,-4.158019599999999,10.9049948
0.0009224414825439453,0.7177150249481201,0.7060788,1.2552512,10.983448000000001
0.0009229183197021484,0.7186388969421387,2.5105024,0.0,11.2972608
0.0009243488311767578,0.7195644378662109,0.0,0.0,9.022118
0.0009238719940185547,0.720489501953125,0.5491724,1.569064,7.5315072
0.00092315673828125,0.7214136123657227,0.0,0.4707192,8.7867584
0.00092315673828125,0.7223381996154785,-1.96133,1.2552512,7.84532
0.0009245872497558594,0.7232635021209717,-1.3337044,-0.1569064,11.924886399999998
0.0009238719940185547,0.7241885662078857,-0.0784532,-0.392266,11.2972608
0.0009229183197021484,0.7251124382019043,0.0,-1.569064,10.6696352
0.0009224414825439453,0.7260360717773438,0.0,0.0,8.7867584
0.0009272098541259766,0.7269644737243652,0.4707192,0.1569064,11.1403544
0.0009267330169677734,0.7278926372528076,-2.5105024,-0.8629851999999999,11.2972608
0.00092315673828125,0.7288167476654053,0.9414384,0.0,10.0420096
0.0009226799011230469,0.7297403812408447,0.0,0.6276256,9.9635564
0.0009226799011230469,0.7306642532348633,1.569064,-1.8828768,12.4740588
0.0009243488311767578,0.7315900325775146,0.8629851999999999,2.1182364,9.2574776
0.0009481906890869141,0.7325396537780762,-0.1569064,0.2353596,10.0420096
0.0010037422180175781,0.7335464954376221,-1.8828768,1.8828768,8.394492399999999
0.0009744167327880859,0.7345223426818848,0.6276256,-0.0784532,12.552512
0.0009305477142333984,0.7354543209075928,0.0,-0.7060788,7.5315072
0.0009260177612304688,0.7363815307617188,-2.5105024,1.4121576,8.316039199999999
0.0009236335754394531,0.7373061180114746,-2.2751428,1.1767979999999998,10.3558224
0.0009238719940185547,0.7382311820983887,-1.1767979999999998,0.0,9.2574776
0.0009224414825439453,0.7391548156738281,-1.6475172,0.0784532,11.924886399999998
0.0009369850158691406,0.7400927543640137,0.0,0.0,9.649743599999999
0.0009226799011230469,0.7410166263580322,-0.5491724,1.3337044,8.316039199999999
0.00092315673828125,0.7419407367706299,0.0,-0.0784532,7.84532
0.0009226799011230469,0.7428643703460693,-0.7060788,2.3535959999999996,7.7668668
0.0009260177612304688,0.7437913417816162,0.0,2.0397832,8.5513988
0.0009241104125976562,0.7447164058685303,-2.1966896,-2.2751428,9.649743599999999
0.0010223388671875,0.7457411289215088,0.1569064,0.1569064,10.6696352
0.0010285377502441406,0.746772289276123,0.3138128,-1.6475172,12.552512
0.0009477138519287109,0.7477214336395264,1.2552512,-1.8044235999999998,11.2972608
0.0009398460388183594,0.7486631870269775,-1.4121576,2.5105024,8.0806796
0.0009255409240722656,0.7495901584625244,0.6276256,-2.4320492,10.6696352
0.0009238719940185547,0.7505149841308594,0.1569064,-0.0784532,8.4729456
0.0009274482727050781,0.7514626979827881,1.2552512,1.569064,10.0420096
0.0009250640869140625,0.7523887157440186,-1.96133,-0.4707192,8.1591328
0.0009233951568603516,0.7533130645751953,0.0,0.0,10.5127288
0.0009226799011230469,0.7542369365692139,0.0784532,0.6276256,9.3359308
0.0009334087371826172,0.7551712989807129,1.7259703999999998,1.3337044,7.217694399999999
0.0009243488311767578,0.7560970783233643,-0.392266,2.5105024,10.0420096
0.0009236335754394531,0.7570216655731201,0.0,1.0198916,7.9237732
0.0009233951568603516,0.757946252822876,-2.5889556,1.1767979999999998,7.5315072
0.00092315673828125,0.7588703632354736,-0.5491724,-2.1182364,11.76798
0.0009250640869140625,0.7597966194152832,-0.1569064,0.0,12.2386992
0.0009238719940185547,0.7607216835021973,2.9812215999999996,0.0,10.7480884
0.0009260177612304688,0.7616488933563232,-2.1182364,0.3138128,8.7083052
0.0009226799011230469,0.7625725269317627,-1.3337044,2.9812215999999996,9.9635564
0.0009262561798095703,0.7634997367858887,-0.1569064,0.0,10.0420096
0.0009250640869140625,0.7644257545471191,0.6276256,0.6276256,9.1005712
0.0009233951568603516,0.765350341796875,0.3138128,0.0,10.591182
0.0009229183197021484,0.7662744522094727,-0.7060788,0.3138128,5.0210048
0.0009255409240722656,0.7672007083892822,-2.2751428,2.0397832,9.022118
0.0009243488311767578,0.7681262493133545,0.0,-1.569064,11.2972608
0.00092315673828125,0.7690503597259521,-1.2552512,-0.5491724,10.9049948
0.00092315673828125,0.7699747085571289,0.9414384,0.392266,13.1801376
0.0009217262268066406,0.770897626876831,0.0,0.3138128,10.0420096
0.0009238719940185547,0.771822452545166,0.0,0.3138128,9.492837199999999
0.0009233951568603516,0.7727468013763428,1.3337044,0.0,10.1204628
0.00092315673828125,0.7736711502075195,0.7060788,2.5105024,7.609960399999999
0.0009303092956542969,0.7746026515960693,0.8629851999999999,1.2552512,8.7867584
0.0009329319000244141,0.7755367755889893,0.1569064,-1.2552512,9.3359308
0.0009315013885498047,0.7764694690704346,0.3138128,1.2552512,12.552512
0.0009241104125976562,0.7773947715759277,0.0,-0.9414384,9.1005712
0.0009229183197021484,0.7783186435699463,0.0,1.2552512,9.571290399999999
0.0009264945983886719,0.7792460918426514,0.0,1.8828768,8.394492399999999
0.0009241104125976562,0.7801713943481445,-0.9414384,-0.7060788,10.0420096
0.00092315673828125,0.7810957431793213,-2.9812215999999996,-1.3337044,10.3558224
0.00092315673828125,0.782019853591919,0.0,-1.6475172,12.8663248
0.0009233951568603516,0.7829442024230957,-0.0784532,-1.1767979999999998,10.983448000000001
0.000926971435546875,0.7838723659515381,1.6475172,-1.3337044,10.0420096
0.0009233951568603516,0.7847967147827148,-1.4906107999999998,2.1182364,10.0420096
0.0009226799011230469,0.7857203483581543,1.8044235999999998,-1.3337044,11.2972608
0.0009224414825439453,0.7866439819335938,-4.785645199999999,0.2353596,8.7867584
0.0009255409240722656,0.7875707149505615,-1.96133,0.6276256,10.3558224
0.0009241104125976562,0.7884960174560547,-0.5491724,-1.8828768,9.9635564
0.00092315673828125,0.7894201278686523,1.569064,-1.0983448,12.2386992
0.0009229183197021484,0.79034423828125,0.4707192,-0.0784532,10.0420096
0.0009250640869140625,0.7912702560424805,1.4906107999999998,1.8828768,8.0806796
0.0009243488311767578,0.7921955585479736,-3.8442068,0.1569064,6.903881599999999
0.0009226799011230469,0.7931191921234131,0.392266,-0.0784532,12.552512
0.0009224414825439453,0.7940428256988525,-3.138128,1.0983448,6.5900688
0.0009224414825439453,0.794966459274292,0.0,0.5491724,10.3558224
0.0009324550628662109,0.7959001064300537,-1.3337044,-0.7060788,10.8265416
0.0009236335754394531,0.7968251705169678,0.0,0.392266,9.414383999999998
0.0009233951568603516,0.7977497577667236,1.569064,-2.5105024,12.944778
0.0009250640869140625,0.7986857891082764,1.1767979999999998,0.0,9.2574776
0.0009264945983886719,0.7996132373809814,-1.3337044,2.5105024,6.276256
0.0009243488311767578,0.8005387783050537,-0.9414384,-1.4121576,10.0420096
0.0009362697601318359,0.8014764785766602,6.5900688,0.5491724,8.7867584
0.0009245872497558594,0.8024053573608398,2.4320492,0.9414384,15.298373999999999
0.0009255409240722656,0.8033318519592285,-0.0784532,-2.8243152,13.1801376
0.0009245872497558594,0.8042573928833008,-3.3734876000000003,2.0397832,5.4132708
0.0009233951568603516,0.8051817417144775,4.9425516,3.7657536,10.0420096
0.0009233951568603516,0.8061060905456543,5.4132708,1.8828768,11.2972608
0.0009236335754394531,0.8070309162139893,-16.632078399999997,-2.1966896,1.2552512
0.0009264945983886719,0.8079583644866943,-1.8828768,0.0,16.9458912
0.0009233951568603516,0.8088827133178711,1.8044235999999998,2.5105024,2.4320492
0.0009236335754394531,0.809807538986206,2.4320492,-2.3535959999999996,12.4740588
0.0009233951568603516,0.8107321262359619,2.4320492,7.5315072,11.6110736
0.0009262561798095703,0.8116590976715088,-13.964669599999999,-6.276256,2.1182364
0.0009241104125976562,0.8125841617584229,2.5889556,1.1767979999999998,18.5149552
0.0009236335754394531,0.8135087490081787,2.3535959999999996,0.6276256,11.924886399999998
0.00092315673828125,0.8144330978393555,-5.0210048,-4.2364728,5.0210048
0.0009253025054931641,0.815359354019165,-2.5105024,1.2552512,9.9635564
0.0009236335754394531,0.8162839412689209,-4.4718324,0.0,2.5889556
0.0009236335754394531,0.8172087669372559,0.5491724,-5.3348176,20.0447926
0.0009217262268066406,0.8181319236755371,-10.1204628,2.5889556,5.0210048
0.00092315673828125,0.8190562725067139,-7.9237732,-1.96133,6.5900688
0.0009260177612304688,0.8199834823608398,11.2188076,1.0198916,16.9458912
0.00092315673828125,0.8209075927734375,-2.5105024,-1.6475172,6.276256
0.0009324550628662109,0.8218410015106201,-3.7657536,0.0,13.493950400000001
0.0009245872497558594,0.8227667808532715,-4.9425516,-0.1569064,6.8254284
0.0009257793426513672,0.8236937522888184,1.1767979999999998,2.5105024,7.296147599999999
0.0009243488311767578,0.8246192932128906,5.6486304,-1.3337044,18.2011424
0.0009229183197021484,0.8255431652069092,-12.2386992,-1.6475172,3.138128
0.0009229183197021484,0.8264670372009277,0.0,0.0,8.7867584
0.0009255409240722656,0.8273935317993164,2.6674088,4.6287388,9.9635564
0.0009238719940185547,0.8283188343048096,7.453054,-0.0784532,8.394492399999999
0.0009233951568603516,0.8292431831359863,-7.296147599999999,2.4320492,12.552512
0.0009236335754394531,0.8301677703857422,-7.9237732,-2.5889556,1.569064
0.00092315673828125,0.831092357635498,12.787871599999999,-0.7060788,17.495063599999998
0.0009264945983886719,0.8320198059082031,-2.2751428,-2.5105024,16.3182656
0.0009233951568603516,0.8329441547393799,-13.807763199999998,-4.3933792,2.5889556
0.0009229183197021484,0.8338680267333984,12.552512,5.0210048,10.1204628
0.00092315673828125,0.8347921371459961,-11.375713999999999,1.2552512,1.8044235999999998
0.0009250640869140625,0.8357186317443848,10.591182,-2.5105024,20.0447926
0.0009241104125976562,0.8366436958312988,-18.5149552,2.4320492,10.0420096
0.0009233951568603516,0.8375678062438965,-15.0630144,-10.3558224,9.9635564
0.0009233951568603516,0.8384921550750732,17.4166104,6.1193496,16.9458912
0.0009250640869140625,0.8394181728363037,5.1779112,0.1569064,10.6696352
0.0009243488311767578,0.8403434753417969,-0.6276256,-1.7259703999999998,11.375713999999999
0.0009224414825439453,0.8412673473358154,-19.5348468,-0.0784532,1.8828768
0.00092315673828125,0.8421914577484131,-9.492837199999999,0.5491724,15.1414676
0.0009233951568603516,0.8431158065795898,9.8851032,-5.8055368,16.0044528
0.0009262561798095703,0.8440430164337158,-20.0840192,3.6873004,4.3933792
0.0009233951568603516,0.8449673652648926,3.138128,-6.276256,16.1613592
0.0009238719940185547,0.8458971977233887,-7.296147599999999,2.4320492,3.7657536
0.0009233951568603516,0.8468217849731445,1.569064,-3.8442068,19.4563936
0.0009257793426513672,0.8477487564086914,-0.6276256,1.4906107999999998,11.2972608
0.0009241104125976562,0.8486738204956055,-7.84532,-1.8828768,1.1767979999999998
0.00092315673828125,0.8495979309082031,-2.5889556,0.6276256,17.9657828
0.0009229183197021484,0.8505220413208008,9.9635564,-6.276256,11.6895268
0.0009253025054931641,0.8514485359191895,-5.099458,4.5502856,5.727083599999999
0.0009241104125976562,0.8523733615875244,-7.3746008,0.0,11.846433199999998
0.0009233951568603516,0.8532977104187012,-6.5900688,-3.138128,9.9635564
0.00092315673828125,0.8542218208312988,16.9458912,0.1569064,18.7503148
0.0009233951568603516,0.8551461696624756,-7.84532,3.7657536,8.0806796
0.0009393692016601562,0.8560867309570312,-9.3359308,-6.7469752000000005,3.8442068
0.0009226799011230469,0.8570108413696289,5.0210048,2.5889556,16.1613592
0.0009219646453857422,0.857933759689331,13.493950400000001,0.0,11.2972608
0.0009233951568603516,0.858858585357666,-0.0784532,-1.0983448,14.7492016
0.0009250640869140625,0.8597848415374756,-7.5315072,2.5105024,4.314926
0.0009238719940185547,0.8607099056243896,4.9425516,0.0,12.552512
0.0009229183197021484,0.8616335391998291,8.394492399999999,3.6088471999999996,5.0210048
0.0009229183197021484,0.8625574111938477,-6.276256,2.9812215999999996,12.081792799999999
0.0009250640869140625,0.8634836673736572,3.0596748,1.1767979999999998,6.276256
0.0009238719940185547,0.8644087314605713,-11.1403544,-3.7657536,9.9635564
0.0009219646453857422,0.8653316497802734,17.495063599999998,2.5105024,12.787871599999999
0.0009233951568603516,0.8662562370300293,2.0397832,1.2552512,6.276256
0.0009267330169677734,0.8671841621398926,-14.7492016,-2.1966896,4.6287388
0.0009241104125976562,0.8681097030639648,3.0596748,1.4906107999999998,10.8265416
0.0009276866912841797,0.8690383434295654,7.139241199999999,1.2552512,3.138128
0.0009243488311767578,0.8699638843536377,-1.0983448,1.8828768,14.356935599999998
0.00092315673828125,0.8708879947662354,-6.276256,2.5105024,8.1591328
0.0009255409240722656,0.8718147277832031,2.9027684,-1.7259703999999998,10.0420096
0.0009229183197021484,0.8727385997772217,3.7657536,-1.1767979999999998,14.435388799999998
0.0009229183197021484,0.8736624717712402,-3.2950344,-2.2751428,12.2386992
0.0009229183197021484,0.8745863437652588,-6.276256,-2.1182364,11.2972608
0.0009243488311767578,0.875511884689331,-0.784532,-0.0784532,6.5900688
0.0009241104125976562,0.8764369487762451,4.0795664,1.7259703999999998,16.3182656
0.00092315673828125,0.877361536026001,10.198916,0.0,6.5900688
0.0009229183197021484,0.8782854080200195,-6.668522,4.9425516,6.276256
0.0009248256683349609,0.8792111873626709,0.2353596,1.1767979999999998,10.0420096
0.0009236335754394531,0.8801360130310059,3.7657536,0.0784532,6.7469752000000005
0.0009226799011230469,0.8810596466064453,7.6884136,0.7060788,14.906108
0.00092315673828125,0.881983757019043,1.2552512,-1.8828768,17.7304232
0.0009226799011230469,0.8829073905944824,-6.276256,-0.0784532,4.3933792
0.0009238719940185547,0.8838324546813965,5.6486304,0.0,17.495063599999998
0.0009236335754394531,0.8847570419311523,2.4320492,1.2552512,3.0596748
0.0009229183197021484,0.8856809139251709,1.8044235999999998,4.3933792,8.7083052
0.0009229183197021484,0.8866047859191895,2.9812215999999996,0.3138128,6.1978028
0.0009248256683349609,0.8875308036804199,-8.237585999999999,1.7259703999999998,5.1779112
0.00092315673828125,0.8884549140930176,12.552512,3.8442068,10.277369199999999
0.0009226799011230469,0.889378547668457,-4.4718324,2.5105024,10.6696352
0.0009226799011230469,0.8903019428253174,0.6276256,-4.785645199999999,16.3182656
0.0009250640869140625,0.8912279605865479,-1.8828768,3.0596748,8.7867584
0.0009257793426513672,0.8921546936035156,5.0210048,-3.7657536,10.3558224
0.0009248256683349609,0.8930864334106445,1.2552512,-3.2165812,20.0447926
0.0009229183197021484,0.8940103054046631,-13.807763199999998,-2.1966896,6.276256
0.0009233951568603516,0.894934892654419,6.5116156,4.5502856,10.7480884
0.0009238719940185547,0.8958597183227539,5.5701772,1.1767979999999998,3.2165812
0.0009229183197021484,0.8967835903167725,-6.668522,1.96133,10.8265416
0.0009233951568603516,0.8977081775665283,-3.2950344,-2.0397832,12.552512
0.0009229183197021484,0.8986325263977051,-12.003339599999999,2.1182364,3.3734876000000003
0.0009233951568603516,0.8995568752288818,6.7469752000000005,-1.2552512,15.0630144
0.0009236335754394531,0.9004814624786377,7.84532,-1.569064,11.2972608
0.00092315673828125,0.9014058113098145,-8.629852,0.0,11.2188076
0.00092315673828125,0.9023301601409912,4.0795664,0.0,9.022118
0.00092315673828125,0.903254508972168,1.8828768,0.3138128,9.9635564
0.0009245872497558594,0.9041800498962402,-0.0784532,1.2552512,11.2188076
0.0009639263153076172,0.9051454067230225,-5.099458,1.3337044,8.1591328
0.0009276866912841797,0.906076192855835,-1.2552512,2.7458620000000002,10.0420096
0.0009236335754394531,0.9070010185241699,2.5105024,0.0,8.237585999999999
0.0009274482727050781,0.9079296588897705,3.0596748,2.2751428,8.7867584
0.0009236335754394531,0.9088542461395264,-2.5105024,-2.5105024,11.2972608
0.0009233951568603516,0.9097788333892822,-5.962443199999999,1.2552512,6.8254284
0.0009229183197021484,0.9107029438018799,8.629852,0.0,11.6110736
0.0009248256683349609,0.9116291999816895,2.5105024,0.0,8.316039199999999
0.0009236335754394531,0.9125537872314453,-6.040896399999999,2.4320492,9.492837199999999
0.00092315673828125,0.913477897644043,1.569064,1.2552512,13.886216399999999
0.0009233951568603516,0.9144022464752197,-2.0397832,-0.3138128,10.0420096
0.0009253025054931641,0.9153287410736084,13.807763199999998,3.4519407999999996,10.0420096
0.0009245872497558594,0.9162595272064209,1.569064,-1.2552512,7.7668668
0.0009248256683349609,0.9171855449676514,-6.276256,-2.9027684,15.69064
0.00092315673828125,0.9181098937988281,7.5315072,0.3138128,8.4729456
0.0009226799011230469,0.9190342426300049,-1.4121576,-1.569064,9.3359308
0.0009262561798095703,0.91996169090271,1.1767979999999998,-1.0983448,12.4740588
0.0009226799011230469,0.9208853244781494,-8.316039199999999,1.1767979999999998,7.6884136
0.0009236335754394531,0.9218099117279053,-1.6475172,0.5491724,12.552512
0.0009229183197021484,0.9227337837219238,6.903881599999999,0.784532,8.7867584
0.0009253025054931641,0.9236600399017334,-8.5513988,-0.7060788,8.1591328
0.0009245872497558594,0.9245855808258057,-3.4519407999999996,-1.3337044,15.0630144
0.00092315673828125,0.9255099296569824,0.0,-1.8828768,4.6287388
0.0009233951568603516,0.9264342784881592,3.3734876000000003,0.0,14.513841999999999
0.0009255409240722656,0.927361011505127,6.1978028,1.1767979999999998,6.354709199999999
0.0009233951568603516,0.9282853603363037,-11.2972608,0.0,13.807763199999998
0.0009233951568603516,0.9292101860046387,3.7657536,-1.0198916,10.0420096
0.0009229183197021484,0.9301340579986572,0.784532,0.2353596,10.983448000000001
